shop_id,sku
1,013600000790
1,031508054684
1,037000639626
8,047400650381
1,051497418854
1,076840000760
1,2841180853820
8,3058080097547
6,3800233076035
8,3800233076035
6,4796019560111
8,5000196001695
8,5000267024011
1,5000277001200
1,5000277002542
1,5010327204451
6,5010327204451
8,5010327204451
6,5010327224107
1,5010327755014
8,5010327755014
1,5010327905105
1,50196913
6,50196913
6,5410316994019
6,5601194102683
6,5904941751500
1,613008714253
6,613008719524
6,613008756451
8,613008769161
6,6210434491709
6,6210434561709
1,674545000063
6,6931638922157
8,6935780140575
8,6935780142098
6,6941057413686
6,6972813591867
1,717841018551
1,726798308172
1,7312040017683
8,7312040017683
6,7450004757302
6,7450004759696
8,7450014299946
6,7450026463311
8,7450026463311
8,7450123115656
8,745125628066
1,7453038457965
1,7500435019705
6,7500435019958
8,7500435019958
8,7500435106412
1,7500435129367
1,7500435129947
8,7500435134378
8,7500435137935
8,7500435147507
1,7500435151948
8,7500435178631
6,7500435178662
8,7500435178662
8,7500435191425
8,7500435225373
1,7500435231237
8,7500435231244
8,7500435254021
1,7501006721133
1,7501032904982
6,7501032904982
6,7501032915261
1,7501032928315
1,7501032990015
8,7501056330323
1,7501059227453
8,7501059227453
8,7501065922755
1,7501082780345
1,7501125176548
6,7503036165154
8,7503049616582
1,7506195196694
8,7506195196694
8,75062835
1,7506306206625
8,7506306217508
8,7506306241183
8,7506306249714
1,7506475116626
6,7506475116626
8,7506475116626
1,75077334
1,7509546046822
8,7509546057545
6,7509546060477
1,7509546066172
6,7509546066172
1,7509546066189
1,7509546067940
6,7509546074009
6,7509546657035
8,7509546672779
8,7509546676982
8,7509546688596
1,7509552843057
6,7590005162092
1,7590006200540
1,7590006200595
6,7590006200595
8,7590006300189
1,7590006300325
1,7590006301100
8,7590006301100
8,75900441
8,7590164883531
1,7591002000189
8,7591005004924
1,7591005577657
8,7591005995031
6,7591005999664
1,7591016205556
1,7591016205716
8,7591016205716
1,7591016851128
1,7591016852101
8,7591016855768
1,7591031004592
8,7591031100690
8,7591034000935
6,7591039100050
8,7591039100050
8,7591052000900
1,7591072001598
1,7591072001659
6,7591072001659
8,7591072002106
1,7591072002434
1,7591072003622
1,7591081110601
6,7591081110601
8,7591081110601
1,7591081110618
1,7591081220430
1,7591082002585
1,7591082004084
8,7591082004084
6,7591088000110
8,7591088000110
1,7591105552615
8,7591141987457
8,7591151150018
6,7591156000325
1,7591156000387
8,7591156000387
1,7591156404888
6,7591156404888
6,7591166000254
8,7591166000254
6,7591166001039
6,7591166002142
8,7591166002142
1,7591206003252
6,7591206003252
1,7591206004150
8,7591206004150
1,7591206113319
1,7591206113326
6,7591206113326
8,7591206114262
1,7591206285276
6,7591206285641
8,7591221044698
1,7591221714089
1,7591260070078
6,7591260070856
8,7591275286419
6,7591275371801
1,7591275551852
8,7591275551852
8,7591302000070
1,7591323001490
6,7591332000088
1,7591357510357
8,7591387000095
1,7591397062120
8,7591417260154
8,7591418003088
1,7591473003290
6,7591473005591
1,7591502001624
6,7591502002447
1,7591528000281
1,7591635000587
8,7591635000587
1,7591635000594
1,7591635000952
6,7591635000976
6,7591670000894
8,7591670007510
1,7591672000274
1,7591672001769
1,7591675000639
8,7591675004750
1,7591687004779
6,7591776000682
6,7591776001573
1,7591794000435
6,7591854000887
8,7591854000887
8,7591902001460
6,7591973000300
8,7591973000300
1,7592008007035
8,7592008007035
6,75921118
1,7592142000169
6,7592142000169
6,7592254011503
8,75923815
6,7592396001448
1,7592433000908
6,7592433000939
8,7592450437114
8,7592479000276
1,7592545001008
1,7592545001022
1,7592545001046
1,7592708002132
6,7592708002132
8,7592708002132
6,7592723005996
1,7592723006337
6,7592723006337
6,7592985001095
8,7593251000361
8,7593297004149
1,7593372001087
8,7593723001889
8,7593723002565
1,7593737000151
1,7593737000298
8,7593737000298
8,7594003628857
1,7594003950583
6,7595332000123
8,7595332000123
8,7595335001301
6,7595376000028
8,7595376000028
6,7595461000049
6,7595621001022
8,7595826005399
1,7595826007713
6,7595930000174
6,7596135000570
1,7596135000693
6,7596199001155
6,7596199001216
8,7596273000944
1,7596458000257
1,7596485000039
1,7596485000237
8,7596780000055
6,7596914000609
8,7596914000791
6,75971403
8,75971670
1,75971939
6,75971939
6,7597257001674
1,7597417001087
8,7597569003038
6,7597569003502
1,7598188000507
1,7598317000156
1,7598561312517
1,7598561312548
6,7598561574793
8,7598678000086
6,7598678000093
8,7598743009136
8,7598986002628
1,7598986002802
6,7599218000184
6,7599801000058
8,7599801000089
8,7599801000126
1,7599850000016
8,7599850000092
6,7599885000098
6,760203000060
1,7613035818583
6,7622202228735
8,7622202228735
1,7702006208611
8,7702006208611
6,7702006208642
1,7702006208659
1,7702007045390
1,7702010310010
8,7702010420313
8,7702010420320
1,7702010420344
6,7702010420344
8,7702010420344
6,7702018072477
8,7702018072477
8,7702018382323
8,7702018382330
8,7702018382354
1,7702018913664
8,7702018913664
1,7702018913688
1,7702024005803
6,7702026176914
8,7702113023190
1,7702277109297
8,7702354945381
1,7702425368620
1,7702425640757
6,7703090552024
6,7708416000210
1,7709320898139
1,7797453001526
6,7797453972345
8,7801875057235
1,7804300010645
6,7804671930290
6,7804671930306
6,7882018111908
1,7891000006290
8,7891000113066
8,7891150025981
8,7891150046481
8,7891150099906
1,7896259412212
6,7896588952724
6,7896731027835
6,7898422746759
8,8005985100808
6,8007290431448
6,8054890319591
6,810014611280
6,827854010746
8,8338023013342
8,8338023059357
6,8338024035411
1,8410010272588
6,8410010811749
8,8410010811749
1,8410010813729
6,8410664203891
1,8412497401512
6,8412497764006
8,8412497801312
1,8412497801732
1,8681554606553
8,8681725022762
1,8690529011643
1,8697713837669
6,9002490100070